Company,Total Funding,Funding Rounds,Founders
100ms,null,null,"['Kshitij Gupta', 'Aniket Behera']"
10Times,null,null,"['Atul Todi', 'Mayank Chowdhary']"
10xConstruction.ai,null,null,"['Tushar Makkar', 'Ashish Daga']"
1DigitalStack.ai,null,null,"['Abhishek Ranjan', 'Gyan Rai', 'Vivek Kapoor']"
1dot,null,null,"['Maisum Walji', 'Muhammad Walji', 'LUCIA DOT']"
26ideas,null,null,['Vinay B']
3S Smart Ship,null,null,['Deepansh Jain']
50Fin,null,null,['ADITYA SRINIVAS PRASAD']
91 Wheels,null,null,"['RAHUL KUMAR', 'Sannidhi Goel']"
9AI,null,null,"['Aaditya Saini', 'Kaustub dutt Pandey', 'Siya Sharma']"
A618Labs,null,null,['Vijay Gorfad']
Aabhra,null,null,['Partha Nageswaran']
Aarogram,null,null,['Kashyap Purani']
AarogyaID,null,null,['Vedanth p']
AB InBev,null,null,"['Selçuk Güçer', 'João Paulo Ferreira Da Silva', 'Suryanarayana Gabbita']"
Absolute Intelligence,null,null,['Sunny Chawla']
AccioMatrix,null,null,['Kaushika Rakesh']
AccionLabs,null,null,"['Jayasri P', 'Anjali Mohandas', 'Samson B']"
Accountant AI,null,null,['Vikrant Dubey']
ACES,null,null,"['Gary Huggins', 'Roxane Minkus, Ph.D., C.R.C.']"
Acorn Globus,null,null,"['Tarun bhukya', 'Ankit Singhaniya']"
AcquiredLang,null,null,['Gold Hassan']
Active Resource Consultancy,null,null,"['Ramya Raghunath', 'Ramya Raghunath']"
Actuals,null,null,['T Venkatesh']
Acuver Consulting,null,null,['Shafiya Naaz']
Adpushup Software India,null,null,"['Sakshi Singh', 'Asma M', 'Shivam Marwaha']"
Adri AI,null,null,"['Shyam Swaroop', 'Dibas Kumar Borborah']"
AffinityAnswers,null,null,"['Maya Venkatesh', 'Sri Sai Pavan Chunduri', 'Josh Raper']"
Affinix Digital,null,null,['Ranjeet Ahire']
Aftermarkett,null,null,['Harsh Singh']
AgNext Technologies,null,null,['Navish Kumar']
Agoda,null,null,"['Skylar Thompson', 'Anang Dista Satria', 'Zuzana Arvin']"
AI47Labs,null,null,['Ashok Pundit']
Aicade,null,null,['Pushkar Kumar']
AIClues,null,null,"['Rohit Raj', 'R K']"
Aindra Systems,null,null,['Adarsh Natarajan']
Airveda,null,null,"['Avinash Bhagat', 'Namita Gupta']"
Aizen Styles,null,null,['Pratham Garg']
Ajaco Softwares,null,null,"[""Ajaco Software's""]"
Ajastos Film Technology Labs,null,null,['rakesh vanka']
Aladaii,null,null,['Swatilakha Saha']
Algogi Technologies,null,null,"['Aditi Priya', 'Shruti Singh', 'Jayant Raj Singh']"
AlignBooks,null,null,['Align Books']
Alldigitech,null,null,"['Madan Mohan Thakur', 'Chanchal Sharma', 'Anubhav Kumar Dubey']"
Allo Health,null,null,"['Mayank Singh', 'nihit verma', 'Manoj DM']"
All Time Design,null,null,"['All time design', 'Prem Kumar']"
Aloha Protocol,null,null,['Suhas Pai']
Alphabrains,null,null,['Shivam Agrawal']
AlphaGrep Securities,null,null,"['Siddharth Sawant', 'karan singh', 'Ravi Gupta']"
Alpha Nodus,null,null,['Shamit Patel']
Alt Carbon Tech,null,null,['Sadia Khanam']
altercarbon,null,null,"['Divya Bajpai', 'Md Sazil']"
Alyke,null,null,['Yash Shukla']
Ambient.ai,null,null,['Vikesh Khanna']
Amifi,null,null,['Amit Kumar Singh']
Amplemarket,null,null,"['Luis Batalha', 'Micael Oliveira', 'Joao Batalha']"
Amplitude,null,null,"['Jake Eisner', 'Jimmy Chion']"
Amply,null,null,['Neil Parikh']
Anaxee Digital Runners,null,null,"['Nilesh Maheshwari', 'Arti Gupta Agrawal', 'Govind Agrawal']"
Andro Buddy Technologies,null,null,['Adnan Attar']
AngelList India,null,null,"['Hemant Menon', 'Aagam Shah', 'Nilesh Chetwani']"
Ankercloud Technologies,null,null,['Joshua Prabhakar']
ANSCER Robotics,null,null,"['Raghu Venkatesh', 'Ribin Mathew']"
Antler,null,null,"['Marita Reiersen Andersen', 'Jussi Salovaara', 'Vegard Medbø', 'Fridtjof Berge', 'Magnus Grimeland']"
Apna Jewellery,null,null,['Purushottam Kumar']
Apna Mart,null,null,['L J Raj Solay']
AppIncubator Technologies Pvt.Ltd,null,null,"['Prabitha Nair', 'Sruthi jishnu']"
Appleute,null,null,['Hanush Pillai']
Applore Technologies,null,null,"['sarthik bhan', 'Sumanta Paikaray', 'Tanay Singh']"
Aqtronics Technologies,null,null,['Sumanth J']
AreteMinds Technologies,null,null,"['Akshatha R', 'Sushmita Binkadakatti', 'Sweta Kumari']"
Aridhi Solar Solutions,null,null,['Rohan Sharma']
Ariksa,null,null,['Badri Venkatachari']
Arintra,null,null,"['HealthCloud AI', 'Nitesh Shroff', 'Preeti Bhargava']"
ARLARSE,null,null,"['Inkita Agrawal', 'SHRAY SALVI', 'Utkarsh Kalawat']"
AroundU,null,null,"['Max Reed', 'Sterling McBride', 'Nicholas Surguladze']"
Artefact,null,null,"['Reed Van Dyck', 'Paige Ormiston', 'Diane Ly']"
Artesian Software Technologies,null,null,['Amit Sharma']
Arthtattva Technologies,null,null,['Prakash Hemani']
Arting Digital,null,null,"['Harsimrat Kaur', 'Davinder Pal', 'Harleen Kaur']"
Artium Academy,null,null,"['Shruti Jadhav', 'Nandini Ickarath', 'Gokul Kanthaswamy']"
Artos Software,null,null,['Kartik Luke Singh']
Arusto,null,null,['Yuvraj Singh']
Aryng,null,null,['Piyanka Jain']
Asakiri,null,null,['Alok Singh']
Ascendeum,null,null,"['Rupjyoti Kalita', 'Ramesh Suthar', 'prateek kumar']"
Asha Health,null,null,['Gokul Kumarresen']
Asiatic Traders,null,null,['Akshay Vasudeo Raikwar']
AssetIntel,null,null,['Malav Kanani']
Assiduus,null,null,['Ojaswini B.']
Assist AI,null,null,['Yash Garg']
Assystant,null,null,"['Kiran Dora', 'Kiranbala Dora', 'HARI HARAN CN']"
Astrotalk,null,null,['AstroTalk Online']
Astute Lex Servicado,null,null,['Onkar Rana']
Astuto,null,null,['Sudhakar Gorti']
Asynq AI,null,null,['Vaibhav Nandwani']
ATLAS ANALYTICS,null,null,"['Justin Distler', 'Fatih Can', 'Panagiotis Kokmotos']"
ATOFON TECH,null,null,['atofon tech private limited']
Atomberg Technologies,null,null,['sibabrata das']
Attento Technologies,null,null,['Ravi Iyer']
Aumbre,null,null,['Aditi Choudhary']
AuraX,null,null,['Fahmi Ben Khlifa']
AuthenCIO,null,null,['Adarsh A']
AutoFlow,null,null,"['Cody Fraley', 'Ramesh Venkataraman']"
AutopilotAI,null,null,['Khush Patel']
AutoVRse,null,null,"['Adarsh Muthappa', 'Ashwin Jaishanker']"
Auxilium,null,null,"['Sahil Abbas', 'Ray Rhayan Calma Jr.', 'Andrew Abney']"
auxilium real estate,null,null,['Priyansh Dwivedi']
AuxoAI,null,null,"['Nikhil Pathiyil', 'Pranjal Sarin', 'Ayush Raj']"
Avacasa,null,null,['Praveen Hatti']
Avani Infosoft,null,null,['Nanditha G']
Aventior,null,null,['Abhijit Ray']
AvePoint,null,null,"['Anthony Williams', 'Conor Dean', 'Peter Cook']"
Avijo,null,null,"['Aditya parkhe', 'Mayank Sharma']"
Avirait Technologies,null,null,['Avinash Hubale']
Ayuryuj,null,null,['arpit mehta']
Aztec,null,null,['Amanuel Zeryihun']
Badho,null,null,"['Bhavana Shivhare', 'Aman Raj', 'Manmohan Singh Charan']"
Bangrr International,null,null,['Ali Husain']
Barsys,null,null,['Akshet Tewari']
Barter Tech,null,null,['Priyadarshan Gupta']
Base.com,null,null,['Pradeep Sekhar Chandrasekaran']
BedR,null,null,['ASHLEY HUYNH']
Bedwellin,null,null,['Rodlyn Elneus']
Beesi,null,null,"['Beesi HR', 'Shalini Rameja']"
Be Raw,null,null,['Team Be Raw']
Better Marketing,null,null,['Jan Kutschera']
Better Software,null,null,['Bill Nussey']
Bharatcabs,null,null,['Prince Pratap Singh']
Bhumio,null,null,['Anurag S.']
Biizline,null,null,['Aanchal Patel']
Billion Hearts Software Technologies,null,null,"['Mayank Bidawatka', 'Gurteshwar Singh']"
BillionNexus Software,null,null,['Vineet Sagar']
Bimacred,null,null,['Shiva Shankar']
Binance,null,null,"['Khai Ying C.', 'Yuan Jie', 'jiaying chen']"
Binaryveda Software Solutions,null,null,['Binaryveda Software Solutions Pvt. Ltd.']
Bino,null,null,"['Kosemani Abiola', 'Tatiana Kuzub', 'Tomas Dausinas']"
Biosky Space Innovations,null,null,['Nimish Nama']
Bitfinex,null,null,"['Dianela H', 'Victoria Blau', 'Ricardo P.']"
BITFLEX Technology Advisors,null,null,"['V Kathyayani', 'Durga R', 'Srinivas Aki']"
BitOoda,null,null,"['Dhyay Bhatt', 'Niraj Yagnik']"
BizMobia,null,null,"['bizmobia software', 'Nadir Murtaza']"
bl0xchain,null,null,"['Greg DSouza', 'Gregory DSouza']"
Black Unicorn Digital Solutions,null,null,['null']
Blinkins Media,null,null,['Jiten Khatri']
Blitzy,null,null,['Nick DiFiore']
Blockchained India,null,null,['Karthika Sivakumar']
Blocky Smarty Blockchain,null,null,['Udayarajan Gauthaman']
BlogVault,null,null,['Akshat Choudhary']
blupayai.com,null,null,['Blupay Founder']
bluSwap,null,null,['Debasish Das']
BOBOGEARS,null,null,['Sathish S S']
Bold and Beyond,null,null,['Human Resourses']
Boostrapper,null,null,['Mohit Kumar']
Botsync,null,null,"['Prashant Trivedi', 'Singaram Venkatachalam', 'Rahul Nambiar', 'Nikhil Venkatesh']"
Bounteous,null,null,['Julia Kowalik']
BrainSightAI,null,null,['Laina Emmanuel']
BrainStation,null,null,['Jason Field of BrainStation']
Bridge Health Care,null,null,['Abhay Bisht']
Bros Labs,null,null,['Nitesh Goswami']
Brucira,null,null,"['siddhita upare', 'Harsh Vijay']"
Budli.in,null,null,['Rohit Bagaria']
build3,null,null,['Nikit Gupta']
BuildFast,null,null,['Uday Agarwal']
Bullwhip,null,null,['nicole zephyr']
Buntikki Technologies,null,null,['Kaundinya Kasibhatla']
BWZ Marcom,null,null,['Hemashree S']
Bynd,null,null,['David Thomson']
ByteXL,null,null,['Karun Tadepalli']
C3 AI,null,null,"['Dhruv Vashisht', 'Shivani Modi']"
Calyb AI,null,null,['Sannat Mengi']
Cantilever Labs,null,null,['avanish mundhra']
CanvasJS,null,null,['Sunil Urs']
CapitalVia,null,null,['Rohit Gadia']
Captivaprime,null,null,['Vinay Rana']
Carbon Trail,null,null,['Shantanu Singh']
Careervita.in,null,null,"['Sandra Salikumar', 'Anush Tiwari']"
CarePay,null,null,"['Jemimah Onaya', 'Anuradha Hiremath', 'mario voorbij']"
cargo-partner,null,null,"['James Midgley', 'Vjeran Ortynski', 'Vladimir Lacic']"
Cars24,null,null,"['Abhishek kumar', 'Nirav Barokar', 'Charle Meenu Prabhat']"
CBCatalyst,null,null,['Nikhil Jaipuria']
CBIS India,null,null,['Business CBIS']
CDSpace Robotics,null,null,"['Krishnraj Singh Gaur', 'Nikhil Upadhye']"
Centre for Brain Research,null,null,"['Centre for Brain Research', 'Centre for Brain Research']"
Cerebral Works,null,null,['Anand Balakrishnan']
CerebralZip,null,null,"['Nishchal Mundotia', 'Hiring Manager', 'Aum Patil']"
Cerebria Tech,null,null,['Dale Kirkwood']
chainfly,null,null,['Lakshay Taneja']
Chaoswale,null,null,['Ankur Goel']
Charyas,null,null,['shorjoe bhattacharya']
ChicChicApp,null,null,['Liutauras Mazonas']
Chimp Socio,null,null,['Narender Gulati']
CIC,null,null,"['Osvaldo Ayala', 'Greg Berkin']"
Cipherness,null,null,['sam senthil']
CipherSchools,null,null,"['Adhiraj Chauhan', 'Raunak Bhardwaj', 'Manit Saharan']"
Circles.Life,null,null,"['John Epok Pascual', 'Rajesh Kumar Singh', 'Pujya Medappa']"
Cirkled in,null,null,"['Prashant Shukla', 'Reetu Gupta']"
Clappia,null,null,"['Sarthak Jain', 'Pramod Ghorpade', 'Ashutosh Kumar']"
ClayWorks,null,null,"['Rahul Singh', 'Abhijith Shashidhar']"
Cliperact,null,null,['Cliperact Labs']
CloudDefense.AI,null,null,"['MOHAMMAD MAAZ', 'Amit Prakash', 'Md.Nazmul Hassan']"
CloudNextGen IT Software Solutions,null,null,['CloudNextGen IT']
Cloud Peritus,null,null,"['Lokesh Pepala', 'Satish Ch', 'Bhargav G']"
CloudQA,null,null,['Arun Kulkarni']
CloudVandana Solutions Pvt.Ltd,null,null,['Shobitha CC']
Cloudwick,null,null,['Suvrat Sharma']
Cloud Xperte,null,null,['Shoeb Khan']
Clyzo,null,null,['SHRADHA SINGH']
C-Mart Solutions,null,null,"['TIMOTHY GONZALEZ', 'Anwesh Singh']"
Cobalt,null,null,"['Ayas Ahmad', 'Stella Kim', 'Tristan Zimmerman']"
Cobotiks,null,null,['ANKUR KUMAR SRIVASTAVA']
COCO,null,null,['Rashied Tyre']
Coddle Technologies,null,null,"['Vidhya J', 'Anjali Ramchandani', 'Sidharth Suresh']"
Codebuddy,null,null,['K Ashwin']
CodeFobe,null,null,['Sahil Sharma']
Codeft Digital,null,null,"['Rahul Varadareddi', 'Pavan Pudipeddi']"
CodeMate AI,null,null,['Ayush Singhal']
codemech solutions,null,null,['HR codemech solutions']
Codemonk,null,null,"['Niranjan Paranjape', 'Aakash Dharmadhikari']"
CoderRound,null,null,"['chet gandhi', 'Sagar Kotian', 'Bhavya Chopra']"
Codescure Technologies,null,null,['Nayan Mehta']
Codevidhya,null,null,['Rajesh Choudhary']
Codewalnut,null,null,"['Sarath Kumar G', 'Vinson Wilfred']"
codeyoung,null,null,"['Aanchal Mangla', 'Parth Mehra']"
codruth technology,null,null,['Himanshu Kathane']
Cofiato,null,null,"['Aastha Gupta', 'Savvy Jain']"
Cognicraft Technologies,null,null,['Sai Sharan Tangeda']
Cohesity,null,null,"['Ravi Pindiproli', 'Mohit Aron']"
Coin Chemistry,null,null,['Jayteerth Katti']
CoinFantasy,null,null,['Gayathri GL']
CoInvent AI,null,null,"['Archit Karandikar', 'Sanjeev Shenoy']"
Collegedekho.com,null,null,"['Yash Dhamija', 'Madhav Kothari', 'Prateek Yadav']"
College Gyan,null,null,['Rameshwar Bhati']
Comini Learning,null,null,['Sai Gaddam']
CommerceCentral.ai,null,null,['Shivang Maheshwari']
Commutatus,null,null,['Michael Kevin Victor']
Connectnext Technologies,null,null,['Priyobrato Chatterjee']
Content Beta,null,null,['Rishabh Bhandari']
ContentKosh,null,null,['Deepali Chhatwani']
ContexQ,null,null,['Ajay Kakarania']
Convoso,null,null,"['Bobby Hakimi', 'Nima Hakimi']"
CookUnity,null,null,['Mateo Marietti']
Core Corporates,null,null,['Deepak Kumar']
CoRider,null,null,['Niladri Das Roy']
Corvee,null,null,"['Michael Bergman', 'Amanda Argue']"
CoTeach,null,null,['Rachiket Arya']
CraftMyPlate,null,null,['Nirnay Vanjari']
Creative Upaay,null,null,['Ashish Dev']
Creature Industry,null,null,['sadiya bano']
CreditSea,null,null,"['Shubham Khilari', 'Samarth Joshi', 'Digambar Jail']"
Crego,null,null,['Nisha Lalwani']
CregX,null,null,['Anil Bhargav']
Cricketpedia,null,null,"['Sumedh Chaudhry', 'Romesh Khaddar', 'Shikha Chaudhry']"
Crop.photo,null,null,['Rahul Bhargava']
Cryenx Labs,null,null,['Himanshu Sharma']
CryptoXpress,null,null,['Zeeshan M']
CSDirekt,null,null,['Ragini Kaushal']
C-Tray,null,null,['Sunain Dhingra']
CtrlAltHeal,null,null,['Dr Priyanka Gupta']
CtrlDev,null,null,['Hitesh Sharma']
CubeInnovators Technologies,null,null,['sreenath b']
Cuebo.ai,null,null,"['Priyank Jain', 'Manas Jain', 'Amanbir Singh']"
CultSoft,null,null,"['SOUMYADEEP GHOSH', 'Sourav Das', 'Akash Paul']"
Culturro,null,null,['Ashish Manchanda']
Curie Money,null,null,['Tushar Choudhary']
Cyberlence,null,null,['Rajasekhar V']
Cybernara,null,null,['Chirag Goswami']
Cynapto Technologies,null,null,['Pratik Arya']
Cypherock Wallet,null,null,"['Vipul Saini', 'Rohan Agarwal']"
danamojo.org,null,null,['Dhaval Udani']
daP2,null,null,['Rishul Chanana']
DarkRelay Security Labs,null,null,['ChandraShekar M']
Databook,null,null,"['Alex Barrett', 'Anand Shah']"
DataBrain,null,null,['Manish Saraf']
Data Jewel Tech,null,null,['Shubham Agarwal']
Dataseers Technologies,null,null,"['Vaibhavi Deo', 'Pradeep Vishwakarma', 'Rohit Parte']"
DataTroops,null,null,['Jashan Goyal']
DataWeave,null,null,"['vikranth ramanolla', 'karthikbr']"
Davis Index,null,null,"['Richard Chinnayya', 'Reethika Manivannan', 'Simran Thind']"
Da Werben Services,null,null,['Da Werben']
Dealintent,null,null,['Raj Baruah']
Dealsplus,null,null,['Greg Kwangrog Kim']
Deepak Cybit,null,null,['Kapil Bhonge']
Deepfleet,null,null,"['Arun Vijayan (Deepfleet)', 'Jijoy C']"
Defhawk TechServices,null,null,['Swati Laxmi']
Delightree,null,null,"['Madhulika Mukherjee', 'Tushar Mishra', 'Madhulika Mukherjee']"
deliverIt,null,null,['Mohit Badwal']
Delivery Solutions,null,null,"['Arshaad A Mirza', 'Manil Uppal']"
demandcurvemarketing.com,null,null,"['Kannan J M', 'Malik M', 'HR Team DCM']"
Dentira,null,null,"['Aamir Mir', 'Dinesh Babu', 'Aman Kumar']"
Dentistry Automation,null,null,['Rajeev Bhatia']
Deutsche Telekom Digital Labs,null,null,"['Anurag Tiwari', 'himanshu garg', 'Ashok Pandey']"
DevCare solutions,null,null,"['Sathya Narayanan', 'Syed Rizwan Hussain', 'Jayanthan Balasingam']"
Dev fusion cohort,null,null,['Lakshay Gupta']
devrev.ai,null,null,"['Veenu Choudhary', 'Mollie Holland', 'Katherine Cherry']"
DevZero,null,null,"['Zuhair AlSader', 'Jason Gonzales', 'Shubham Kumar']"
Diagnal Technologies,null,null,"['Shiju Shaji', 'Lakshmi Balakrishnan', 'Sreeshma MS']"
Digit88,null,null,['Dheeraj Sood']
Digital Trons,null,null,['Mansi Thakkar']
Diigoo,null,null,['sainath tangallapally']
Dil foods,null,null,"['Anandi Danodia', 'Latha Yuvaraj']"
Discovery Kitchen,null,null,['Lenold Sequeira Vaz']
DisruptZero3,null,null,['Joa l']
Ditto Insurance,null,null,"['Rohan Nowal', 'Tanya Chaturvedi']"
Do All Work,null,null,['Abhishek Garg']
DoctorPlan,null,null,"['Dr. Shruti Mathur', 'Rohit Agarwal']"
Domi Labs,null,null,"['august w', 'Pavel Metelitsyn']"
Dosajh Industries,null,null,['Archit Dosajh']
DoseSpot,null,null,['Ken Tubman']
Dotnitron Technologies,null,null,['Aditya Gupta']
dox2U,null,null,"['Sumeet Goel', 'Raaghav Goel']"
Draup,null,null,"['Vamsee Tirukkala', 'Zinnov Management Consulting']"
DrCode.ai,null,null,['Savinay P']
Dreamfoot,null,null,['Shweta Upadhyay']
Dreamwave AI,null,null,['Dreamwave AI']
dresslife,null,null,['Julian Hensolt']
Drona Pay,null,null,['Satish Kashyap']
Dsqr Studio,null,null,"['Zalak Patel', 'Kanu Thakor']"
Dynasoft applied system,null,null,['Vaishanavi Raskar']
EaseOps,null,null,['Pramod Kumar']
EaseSeat,null,null,['Kailash Chowdhury']
Easeworkai.com,null,null,['Ratha Natarajan']
EasyCapital,null,null,['Zakir Khan']
Eccentric Engine,null,null,"['Atul Sharma', 'Prem Sahni', 'Sadaf Khan']"
Eclat Engineering,null,null,['Shyam Khakhar']
Ecoyaan,null,null,['Sarwan Singh']
EdHusk,null,null,['Vivek Kumar']
EdMyst,null,null,['Bhuwan Mahajan']
EdSols Innovations,null,null,['Arul Dhamodaran']
Eight.money,null,null,['Ajay Sharma']
Ekahal,null,null,['Ekahal - Effective Efficiency']
Elfina Health,null,null,['Tanvi Agrawal']
Elgebra,null,null,"['Priyanka Saini', 'yogesh pratap Singh']"
eLitmus.com,null,null,"['Aseem Marwaha', 'Shireesh J']"
Ellemora,null,null,['Ellemora Fashions']
Ellty,null,null,['Iuliia Taskina']
Eloelo,null,null,"['Saurabh Pandey', 'Akshay Dubey']"
Embarque,null,null,['Julian Canlas']
Emedgene,null,null,['Einat Metzer']
Emissary Technologies,null,null,['Tanmay Chopra']
empirical.run,null,null,['Arush Sharma']
Empxtrack,null,null,"['Gen. Basant Bhatia (Retd)', 'Tushar Bhatia']"
Endowus,null,null,"['Nithya R', 'Clarissa Wang', 'Zhuoran Li']"
Energy365.ai,null,null,['V V Vijayan']
Enpass Technologies,null,null,['Sanjana Roy']
Entrupy,null,null,"['Lakshminarayanan Subramanian', 'Ashlesh Sharma', 'Vidyuth Srinivasan']"
Envirya Projects,null,null,['Kanishk Ghosh']
Envsage,null,null,['shalini menon']
Eonverse AI,null,null,['Shardul Nayak']
epicred.in,null,null,['ganit Kumar']
EQUITRAX,null,null,['Anirban BERA']
EricHost,null,null,['Mahima Singh']
Essenvia,null,null,['Basant Sahoo']
essenZvita Life Sciences,null,null,"['Akashay Jamdar', 'Yogesh Vyas']"
Estuate,null,null,"['Priyesh Venkatesan', 'Naga Jyothi P', 'Rohit \xadSingh']"
Etta Global Partners,null,null,"['Meenakshi Jaryal', 'Meenakshi Jaryal']"
Everincodeh Technology,null,null,['Lalit kumar']
Everstage,null,null,"['Vivek Suriyamoorthy', 'Siva Rajamani']"
Everwell Health Solutions,null,null,['Andrew Cross']
EveryDayNeed,null,null,['Ankit Kumar']
EVOLANGO,null,null,['Nils Mischo']
Evolvq,null,null,['Info evolvq']
Exam Papers Plus,null,null,"['Daniel Frazer', 'Viraj Soni']"
Excellent Corporate Services,null,null,['Vigneshwar Giri']
Experience.com,null,null,['Phuc Truong']
Express,null,null,['Tristan T']
ExtendedGT,null,null,['Hebin Jacob']
Extenteam,null,null,"['Joy Anne Suerte Felipe - Mariano', 'Anne Nicole Benavidez', 'Jim Tolentino']"
Ezeiatech Systems,null,null,"['Sachin Panday', 'Kunal Jain']"
F22 Labs,null,null,"['HariHaraSudhan KM', 'Murtuza Kutub']"
Facets.Cloud,null,null,"['Pravanjan Choudhury', 'Anshul Sao', 'Rohit']"
FactWise,null,null,['Harshveer Singh Krishnawat']
FastCodeAI,null,null,['Parth Basole']
Feature Ventures,null,null,"['Anup Dangaich', 'Gourav Roy']"
Fihub,null,null,['Matthias Teufel']
Financial Technology Partners,null,null,['Steve McLaughlin']
Fintricity,null,null,['Alpesh Doshi']
FireMon,null,null,"['Whitney Bright', 'Ki Chun', 'Dawid Kowalski']"
Fisheye Visuals,null,null,['Nikhil Gumidelli']
Fitcentive,null,null,['Ellis Osborn']
Floindex Ventures,null,null,"['Ashwini Ganamani', 'Vandit Maheshwari']"
Floo,null,null,['Andy Nguyen']
Fluid Analytics,null,null,['Kevin Weeks']
Fluidesigns,null,null,['Sahil Shaikh']
Fluxon,null,null,"['AJ Ross', 'Ena Zheng', 'Erad Fridman']"
Flying Dreams Consultant,null,null,['Kamaljeet Singh']
FlytBase,null,null,['Nitin Gupta']
FORMCEPT,null,null,"['Suresh Srinivasan', 'Anuj Kumar']"
Formi,null,null,['Blagica Jovanovska']
FormPilot,null,null,['yashwanth balanagu']
Fornax,null,null,"['Peter Nguyen', 'Wojciech Kryściński']"
Fotello,null,null,['Harman Walia']
Foundation AI,null,null,"['Venkatesh Pagidimarri', 'Victor Gebhardt']"
FourJunctions,null,null,['Ramanathan Muthappan']
FourthPointer Services,null,null,['Urvashi Yadav']
Fragment,null,null,"['Hrashikesh Hegde', 'Ghulam Murtaza']"
FreJun,null,null,['Bhargava Kalluri']
Frevolt Green Energy Technologies,null,null,['Sanket Sanjay Vyavahare']
Froiden,null,null,"['Rakesh Kumar', 'Ajay Kumar Chaudhary', 'Abhinav Saraswat']"
frover,null,null,['Shrey Kumar Singh']
Fstac,null,null,['Bhawna Dhiman']
Fueladream Online Ventures,null,null,"['Mili Srivastava', 'Vineeth Kumar']"
Fulfil,null,null,['Artus de Longuemar']
Future AGI,null,null,"['Salil Kolhe', 'Atharva Bhange', 'Charu Gupta']"
FutureBlink,null,null,"['Vivek Asole', 'Soumodeep Ganguly', 'HR FutureBlink']"
Futurize,null,null,['RHEA B SINGHLA']
Fyle,null,null,['Robert Lyttle']
Fynd,null,null,"['Thibaud David', 'Frédéric Cohen', 'Clément Chaudet']"
Fynocrat Technologies,null,null,"['HR Fynocrat', 'Muskan Arora', 'Abhijit Paul']"
Gadgets Reborn Fz,null,null,['Anshuman Saxena']
Gaian Solutions,null,null,"['Chandra Kotaru', 'Gaian Solutions']"
Gallabox,null,null,['Mango Leap']
Garnek Matrix Solutions,null,null,['Pulkit Jindal']
gener8tor,null,null,"['Jon Eckhardt', 'Dan Armbrust', 'Joel Abraham', 'Joe Kirgues', 'Joe Kirgues']"
genieX,null,null,['Donato Cerro']
Genrobotic Innovations,null,null,['Vimal Govind']
GenY Medium,null,null,"['Yashwant Kumar', 'Ravi Jain']"
GetAFixMD,null,null,['JAYAKRISHNAN V A']
Get Set Resumes,null,null,['Rajat Vashishta']
GGWP,null,null,['Kun Gao']
Ghour.io,null,null,"['Gaurav Mohile', 'Christopher Rivers', 'Ekberjan Derman']"
Giftingnation,null,null,"['Swetha Mothey', 'Srinivas Mothey']"
Gigafactor Solutions,null,null,['Rahul Aryan']
Ginger Media Group,null,null,"['Devleena Neogi', 'Kuldeep Pawar', 'Kuldeep Pawa']"
Gistr,null,null,['Arun Antony']
Gleam Innovations,null,null,['Hinal Prajapati']
Gleecus TechLabs,null,null,['Suprit Patra']
Global Business Reconnect,null,null,['Ashish Sharma']
GlobalFair,null,null,"['Joseph John', 'vaishnavi kadari', 'Pratiksha Yadav']"
Global Suntec Solutions Pvt Ltd,null,null,['Vaibhav Gainewar']
GlobalWebIndex,null,null,"['Dan Gurhey', 'Emma Burton', 'Joe Timson']"
Gluon Solutions Pvt Limited,null,null,"['Sandeep Suryavanshi', 'Suresh Ramasamy', 'Anuj Adhikary']"
GoDaddy,null,null,"['Nikita Agarwal', 'Shivani Sahraot', 'Sumedh Pohekar']"
gofurther,null,null,"['Carolina Stassis', 'Eleanor Harding', 'Antonio Ajewole', 'Andreas Savvides']"
gogrowth,null,null,['Gurmeet Oberoi']
Goken India,null,null,['Swapnil Gawade']
gostudyfree,null,null,['Mahapavit Anand']
GotoEcom,null,null,['Varun Walia']
GradRight,null,null,['Prasad Shinde']
Great Media Technologies,null,null,"['Sanjay Singh', 'Saif Khan Lodi', 'Mainak Banerjee']"
Green Avni Solutions,null,null,['Prakash Rapolu']
Greenbotz Platform,null,null,['Gowtham Murugesan']
GreetsU,null,null,['Manuj Sharma']
Grexa AI,null,null,"['Ashutosh Kumar', 'Narendra Agrawal', 'Ayush Varshney', 'Arpit Oswal']"
Grey chain,null,null,['Pratiksshya Pusty']
Grey Soul Coffee Roasters,null,null,['Umesh Bajaj']
Grootin,null,null,"['sumeet grootin', 'Shobit Kohli', 'Abhiraj Singh']"
Grovio AI,null,null,['Ameet Kumar']
GrowQuest,null,null,"['Rohan Desai', 'Anup Dives']"
Growth For Impact,null,null,['Kunth Jain']
Growth Nursery,null,null,['Karthik Sake']
GrowthSpree,null,null,['Ishan Manchanda']
GrowthSRC media,null,null,['GrowthSRC Media']
Growtomation,null,null,"['NIshant Gupta', 'Nishant Gupta']"
GTMDialogues,null,null,['Saurabh Lahoti']
Guestara,null,null,['Akshay Kumar']
Guidepoint,null,null,['Albert Sebag']
Guidewire Software,null,null,"['Mark Shaw', 'John Raguin']"
Gupshup Technology,null,null,['Vinay Narayanan']
GVM Technologies,null,null,"['Paras Gogia', 'Reena Uchadadia']"
Gyrus.AI,null,null,"['SHASHANK SHEKHAR', 'Nagaraj Krishnamurthy']"
Hack For Change,null,null,"['Srinivas Aki', 'Suman Tyaagi', 'shruti pandey']"
HACKLAB SOLUTIONS,null,null,['Vikram Rastogi']
Hakkoda,null,null,"['Catalina Loaiza', 'Adithya kommini', 'Angelo Oviedo Montero']"
hard.coded,null,null,['Anand Thakur']
Harvesting,null,null,['expert web']
HashedTokens,null,null,"['Wenjie Xin', 'Ravi K']"
HashInsert,null,null,"['Deepak Vuppala', 'Vamsi Dharmavarapu']"
Hashtrust Technologies,null,null,"['Pratyakshi Dhamawat', 'Hashtrust Technologies']"
Headspur Technologies,null,null,['Geetanjali Gupta']
Headstart Sessions,null,null,['Michael Brunet']
Health Vectors,null,null,"['Elizabeth Thomas', 'Jagsir Singh']"
Heart It Out,null,null,['Nithya J Rao']
HELLO ATITHI INDIA,null,null,"['shom nath', 'Prashant Chauhan', 'Robin Chauhan']"
Highbit,null,null,['Nixter Sumicha']
HireQuotient,null,null,"['Kyathi Jaggurothu', 'Shounak Banerjee', 'Keyur R Sangani']"
hivepath,null,null,['Poorna Praneesha']
Hoichoi,null,null,['Vishnu Mohta']
Holidify,null,null,['Rohit Shroff']
HootBoard,null,null,['Satyajeet Shahade']
Hopscotch Games,null,null,"['Shrinivas Jadhav', 'Charles Flomenhoft']"
House of Edtech,null,null,"['HR GKLLP', 'Vidhi Agarwal', 'Aryan Chaurasia']"
HR Huddle Consultancy,null,null,['Priya .']
HSV Digital,null,null,['Neeraj Singh']
Hudson River Trading,null,null,['Suhas Daftuar']
Hue Logics,null,null,['Pratik Mante']
Hues Apply,null,null,['Clifford Benjamin oppong']
HummingWave Technologies,null,null,"['Preksha Rai', 'Pushkal Pandey', 'Tejasvini Vasudev']"
Hypergrowth,null,null,['Samuel Chan']
iamneo.ai,null,null,"['Swathi Vishnuraam', 'Arumugham Sankaran', 'Thenambika S']"
IAPL Institute,null,null,['Vandna Agrawal']
Ibexlabs,null,null,"['sai kiran', 'Narendar Nallamala', 'Pragna Gope']"
iblive,null,null,['Mithun E']
iCliniq,null,null,"['Marshal Anto Robin Innasimuthu', 'Rammohan P M', 'Siddharth Parthiban']"
Identity Labs,null,null,"['Vipul Vijay', 'Identity Team', 'Shivani Bohare']"
I Design My Life,null,null,['Rashmi Nair']
IDT,null,null,"['Ekaterina Verbilova', 'Amarjeet Kang', 'Vera Ladenkova']"
i-Genie,null,null,['Trevor Sumner']
Ignite Solutions,null,null,"['Ajinkya Bapat', 'Snehal Bhayani', 'Cindy Morgan']"
IMGlobal Media,null,null,['Nikita Parmar']
Impact Analytics,null,null,"['Nagarjuna Murakonda', 'Jasleen Kaur', 'Shrilekha Handa']"
Impact Guru,null,null,"['Piyush Jain', 'Khushboo Jain']"
IncSkill,null,null,"['Nikhil Priyadarsh', 'Kartik Sawhney', 'Abhishek Prajapat']"
Index Exchange,null,null,"['Savina Lee', 'Scott Kwait', 'Blake Williams']"
India Index,null,null,['Diveek Jain']
Indihood,null,null,['Lalitesh Katragadda']
Industrility,null,null,"['Karuna Nagrale', 'Achint Varia', 'Jinesh Varia']"
Infabytes,null,null,['Bala krishna vakamalla']
Infibooks,null,null,['Vipru Chanukya']
Infigon Futures,null,null,"['Infigon Futures', 'Yash Patil']"
Infinite Possibilities,null,null,['Art Benjamin']
INFINITY FUND,null,null,['avijit chandra']
InfinityPool Finnotech,null,null,['Shankh Tech']
Infloso AI,null,null,['Bharat Kishnani']
Infobrandz,null,null,['Vikas Agrawal']
Infocusp Innovations,null,null,"['Gaurang Kothiya', 'Amit Juneja', 'VINISH KUMAR']"
InfraSingularity,null,null,['Jitin Jain']
Innovacx Tech Labs,null,null,"['Divya Mantri', 'Gurrapu Shivasai', 'Thirumal Reddy Vallapu']"
Innovalus Technology,null,null,"['Keerthana Velmurugan', 'Gokula kannan', 'Ramya Dhanasekaran']"
Innovapptive,null,null,"['Nithin Jella', 'Saphalendra Kumar', 'ishan rajpurohit']"
Innovations Groups,null,null,['Nehal Ahmed']
Insane Marketers,null,null,['Aman Singh']
Insight Fusion Analytics,null,null,['Anmol Pathak']
Inspiredge IT Solutions,null,null,"['Ravi Kumar Nadendla', 'Bharath Srinivasan']"
Insync.ai,null,null,['Ashish Parnami']
Intangible,null,null,['Sam Huleatt']
Intelisync,null,null,"['HR Intelisync', 'Vinayki Khare', 'Kartik Sharma']"
IntelliSearchAI,null,null,['Shijin P']
Intellobots,null,null,"['Raj Vihari Vudattu', 'ram prasad']"
Intellohire,null,null,['shiva prasadk']
interactly.video,null,null,['Fareeda Mohammad']
InterestShip,null,null,['Deep Patel']
Interneuron,null,null,"['Steven McManus', 'Wayne Gibson', 'Matt Conway']"
InterviewBuddies,null,null,"['Niharika Pandey', 'Himanshu Pandey']"
Ipsator,null,null,"['Abhinav Kushwaha', 'Gaurav Kumar', 'Vaibhav Saxena']"
iqgateway,null,null,"['Aman Chandna', 'Sunil Subrahmanyam', 'Akhil Kumar Kapil']"
IQnext,null,null,"['Gouthami P', 'Sunitha PC', 'Suhrith D']"
Iqra Technology,null,null,"['sadat sayed', 'Sayyed murtuz Mohd', 'Syeda Afshan Naqvi']"
Irona AI,null,null,['Tushar Jain']
Irrigation Product International,null,null,['ANAND HR RECRUITMENT IPI']
Isar Systems,null,null,['Diksha Kapoor']
Ishay Infotech,null,null,['Anup Kiran']
Isotropic Solutions,null,null,['Vijayalakshmi P']
I-Stem,null,null,['Kartik Sawhney']
itanta analytics,null,null,"['Chetan Narendra Upadhye', 'Yogesh Kadam', 'Rithal Oswal']"
IUDX,null,null,"['Raghu Krishnapuram', 'Swarup E', 'Abhilash V']"
ivorypay,null,null,['Dare Adegoriolu']
Jaarvis,null,null,"['Jyoti Singh', 'Mansi Srivastava', 'Mansi Srivastava']"
JagruMs Technologies,null,null,['Rajasekhar Reddy']
Jain Software Bhopal,null,null,['Jain Software Foundation']
Javis,null,null,"['Javis Talent', 'Revathi Satish', 'Chirag Dugar']"
jodaro,null,null,"['Rajiv Patki', 'Sambuddha Adhikari']"
JS Tigers,null,null,['Rakesh Pandey']
JSW New Age,null,null,['Rishi Shroff']
Jublia,null,null,"['Max Goh', 'Aidan Chan', 'Sudarsan G P']"
Juntrax Solutions,null,null,"['Shinjini Ghosh', 'Debottam Dutta', 'Anjana Desai']"
Jyoti Technosoft,null,null,['Dipesh Gandhi']
Kaaj AI,null,null,['Utsav Shah']
Kae Capital,null,null,['Kae Capital']
Kaizen Empire,null,null,"['Nick Patel', 'Karishmaa Chandna']"
KamalDhari Infotech,null,null,"['Annu Chelaramani', 'Reshma Jariwala']"
Karbon Card,null,null,"['Shreya Shetty', 'Neha Bhattacharjee', 'Sunil Kumar']"
Karkhana.io,null,null,['Sonam Motwani']
Karmaa Builders,null,null,['Yash Talwar']
Karnival,null,null,['Siddharth Mishra']
Karysh,null,null,['Rija Javed']
Kashni,null,null,['Bimla Bhatia']
KasperTech,null,null,"['Ekta Arora', 'Krishna Ojha']"
Kasplo,null,null,"['Alisha Tahasildar', 'Andrea Karen Rodrigues', 'Melita N']"
Keetup,null,null,['Gustavo Bellino']
Kelsmar,null,null,['Kelsmar Recruiter']
Key Dynamics Solutions,null,null,['Nauratan Singh']
Keyfalcon Solutions,null,null,"['Kirti Saratkar', 'sarathkumar N', 'Aruneel Das']"
Keyshade,null,null,"['Aritra Biswas', 'Rajdip Bhattacharya', 'Swatilakha Saha']"
Kids Kommune,null,null,['Sunny Kothari']
Kika Kiki,null,null,['Abhishek Kabdi']
Kilobyte Technologies,null,null,['Prakhar Agrawal']
Kinemach Engineering and Machines,null,null,['Ashwanth M.P']
Kiroji,null,null,['Krati Rathore']
Kisan Network,null,null,"['Sanjay K Agarwalla', 'Aditya Agarwalla']"
KNOCKDESIGN,null,null,['kaushik gupta']
Knowhere Studio,null,null,['Sanjay Achar']
Koach,null,null,['Andrei Ștefan']
Kohort-Learning-Platform-Pvt-Ltd,null,null,['Pavan Kumar Sriram']
KOKO Networks,null,null,"['John Woolsey', 'Brenda Ongalo', 'June Akumu Nyabwa']"
Kolo,null,null,['Olya Filonchuk']
Koshex,null,null,"['Komal K Gupta', 'AKASH AGRAWAL']"
Kpler,null,null,"['Amaëlle RICHAUD', 'Pierre Pater', 'Ophélie Pellerin']"
Kraftbase,null,null,['dhaval agrawal']
Kratos Gamer Network,null,null,"['Shreya S', 'Jaya Kesarwani', 'Kirt Preet Singh']"
Kredpool Solutions,null,null,['Yash Jain']
krtrimaiq cognitive solutions,null,null,"['anish rajana', 'gopi jothi']"
Kugelblitz,null,null,['Rishabh Mehrotra']
KumoHQ,null,null,['Ankit S']
kwinHops,null,null,['Konagiri Madhavi']
Kyoren Labs,null,null,['Niraj Taksande']
labfox.studio,null,null,['Mohan Krishna']
Ladies Who Lead,null,null,['Shivangi Dwivedi']
La-Fetch,null,null,['Pooja Agarwal']
laika-ai.io,null,null,['Divyanshu Chauhan']
Landytech,null,null,"['Tejas Udhalikar', 'suryanarayanan saikumar', 'Ratajczyk Quentin']"
LarvaeeBharat,null,null,['Sasi Kumar C']
La Vie Design Studio,null,null,['Lavina Chhabra']
Laxaar,null,null,['Inderdeep Singh']
Layovered,null,null,['Ajitesh Sakaray']
LeadMint Technologies,null,null,"['Abhinav Maurya', 'Rishav Raina']"
Leap Finance,null,null,"['Cameron Haynes', 'Ewen Hollingsworth']"
Leap Scholar,null,null,"['Ashis nayak', 'harika Baske16', 'Akarsha Prisela']"
Learnigence Technologies,null,null,['Kundan K Shrivastava']
Learnyst,null,null,"['Shivaranjan Kumar', 'Shankar Mahesh']"
Leegality,null,null,"['Prakhar Agrawal', 'Sapan Parekh', 'Shivam Singla']"
Legacy Aye,null,null,['Manasa P']
legacyloom,null,null,['Mosin Shaikh']
LendAPI,null,null,"['Sarthak tandon', 'Sam Xia', 'Chakresh Peela']"
Lernn,null,null,['Prashant Goyal']
Letsthrill Adventures,null,null,['Vishal Singh']
Letstream,null,null,"['Kanishk Yadav', 'Mohd Talha', 'Rahul Kothari']"
Letzstepin,null,null,['Nikhil Suryawanshi']
Leute Passen Technologies,null,null,['Mainak Das']
Levelworks,null,null,['Scott Stuart']
Levo.ai,null,null,['Buchi Reddy Busi Reddy']
LH2 Holdings,null,null,"['Jason Pinto', 'Jason Pinto']"
LifeSkylls,null,null,['Prashanth Bhat']
Limese,null,null,['Kaushal Shah']
Lincode Labs,null,null,"['Aniruddh Gajera', 'Abhishek singh']"
LinkG,null,null,['Sanjeev Kumar']
LinqHaul,null,null,"['Mahesh Shukla', 'BHASKAR JYOTI ROY', 'Siddharth Shastri']"
Listnr,null,null,"['Matt Broten', 'Geoffrey LeMond']"
Lithem,null,null,['Deven Rathod']
LIVING STONES FOUNDATION,null,null,['Carlos Cuauhtemoc']
LLUMO AI,null,null,['Anjali Shukla']
Loch,null,null,['Prithvir Jhaveri']
Logiccircle,null,null,['Apoorva Singh']
Lokafy,null,null,['Kiran Samra']
LookingOut,null,null,['Amit Rai']
Loop,null,null,"['Raja Krishna', 'Brent Alvord', 'Sead Sabanovic']"
Lotus Exhibitions and Marketing Services,null,null,"['Vandana Malhotra', 'Trishila Malhotra']"
LoveActuallyMe,null,null,['Tanushree Sharma']
Loyalty Juggernaut,null,null,"['Shraddha Dhavle', 'Narasimha Poluparthi', 'Ankit Jain']"
LRR Technologies,null,null,['Kishore K']
Luganodes,null,null,"['Anuj Parihar', 'Hardik Bhatia', 'R Narayan']"
Luma Fertility,null,null,['Hetvi Kanakia']
LuminaData,null,null,['Deepti Chafekar']
Luminik,null,null,"['Vipinkumar Tiwari', 'Prasad Subrahmanya']"
LunaJoy,null,null,"['Nathalie Alcala', 'Jill Chami', 'Liana Felt']"
LYNC WORLD,null,null,"['Bobby Kumar', 'Arpit joshi', 'Shanu Joshi']"
Lynsa,null,null,['Akash Tiwary']
Lyzr.ai,null,null,['Siva Surendira']
Mactores Innovations,null,null,"['Disha Thakar', 'Charul Joshi', 'Pallavi Sharma']"
Madhive,null,null,"['Aimee Lacks', 'Luc Dumont', 'Christian Zamora']"
MADStage,null,null,['Raghuram Indla']
madverse.co,null,null,['Deepa Gupta']
Makeup by Monalisa Mandal,null,null,['Monalisa Mandal']
Makkajai,null,null,"['Deep Shah', 'Roopesh Shenoy']"
Malible,null,null,['Campbell Sechrest']
Mantracare,null,null,"['Saakshi Solanki', 'Bharat Mathur', 'Bharat Mathur']"
MapOut Global,null,null,"['Arindam Mishra', 'Hina Chopra']"
Market Dynamics,null,null,['Bethany Stanley']
Marmeto,null,null,['Shashwat Swaroop']
Maroon,null,null,['Kenneth Friesenhahn']
Maropost India,null,null,['Simranjeet Singh']
MARSCAPE,null,null,['Swaroop Reddy']
Marvedge,null,null,['Marvedge Media']
Masaya,null,null,['Paul de Lavalette']
Master-O,null,null,"['Sagnik Ash', 'Vijaykant Yadav', 'Chaitanya Dhingra']"
Matillion,null,null,"['James Johnson', 'Adam Gantt', 'Peter McCord']"
Matrix Requirements,null,null,"['Wolfgang Huber', 'Yves Berquin']"
Mave Health,null,null,['Aman Kumar']
maxemo capital,null,null,"['Bhaskar Singh', 'Devanshi Mittal']"
MaxHome.ai,null,null,['Divya Aathresh']
Maxim AI,null,null,"['Akshay Deo', 'Vaibhavi Gangwar']"
Maximojo,null,null,['Sudhir Mody']
Maxtron Services,null,null,['Ridha Agarwal']
medgini,null,null,"['priyanka harjani', 'Ashish Kumar']"
MediaMelon,null,null,"['Alex Schneidman', 'Rupesh Satija', 'Pratik Roychowdhury']"
MedicalCertificate.in,null,null,"['Raghav Sehgal', 'Rasika Sadawarte', 'Ankit Anubhav']"
Mediscus Healthcare,null,null,['Dr Jayprakash Shirpurwar']
Med Mind Flash,null,null,['Pranav Kalra']
Meelance,null,null,['Sam Malik']
meeraq,null,null,['Sujata Barla']
Memorang,null,null,['Yermie Cohen']
Menoob,null,null,['Menoob Merch']
MERIDA TECH MINDS,null,null,"['Vedika HR', 'Devikashree MS', 'Merida Tech Minds Pvt Ltd']"
Merito,null,null,['Mizuho Gonzalez']
mesha,null,null,['Tahem Veer Verma']
MetaKeep,null,null,"['Naga Samineni', 'Rohan Sharma']"
Metapher,null,null,['Nilesh Punadiya']
Meteorite Consulting,null,null,['Jay Awasthi']
Metronomic Technology Solutions,null,null,['Dr. Sujith Krishnan']
Metron Security,null,null,"['Chanchal Kale', 'Divya Khanna', 'Mala Singh']"
Micoworks,null,null,['Norio Osato']
Micro Mitti,null,null,"['Gitanjali Sirwal', 'Micro Mitti', 'Diksha Mehra']"
Midas Minds,null,null,"['Saran Raju', 'Saran Raju']"
Mihuru,null,null,['Shruti Mehrotra']
MiM-Essay,null,null,['Abhyank Srinet']
Mindzeye,null,null,['Ashwin Bilwapatra']
Mirai Website Designing,null,null,['Pankaj Tripathi']
Miranj,null,null,"['Souvik Das Gupta', 'Prateek Rungta']"
Mister Misting,null,null,['Aditya grover']
Mitigata,null,null,['Akshit Kaushik']
Mobio Solutions,null,null,"['POOJAN SHAH', 'Hiren Kava', 'Hardik Shah']"
Mobistreak,null,null,['Prasant Sahu']
Modstack.dev,null,null,['Dharshan Rangegowda']
Monkhub,null,null,"['Raghu Raaj Shekhar', 'Raghu Raaj Shekhar']"
Moolaah,null,null,"['Jayaram S', 'Prakhar Pandey', 'Pratyaksh Pandey']"
Moshi Moshi,null,null,"['Sabah Batul', 'Ajay Bothra']"
mosol9,null,null,['Supraja Reddy']
Muoro,null,null,"['Smiti Kumar', 'Mayur Gupta', 'Vyom Bhardwaj']"
MyAcolyte EdTech,null,null,['Ayesha Malaika']
My Eco Escape,null,null,['Erica Louise']
MyHealthSpace,null,null,['Shallabh Mittal']
Mylestones,null,null,['Dwiti Mittal']
Myntra Jabong,null,null,['Girija Shankar Sahoo']
MyOperator,null,null,"['Ankit Jain', 'Pratik Jain']"
Myraid Trading,null,null,['Rohn Reed']
MyRideMate,null,null,['Sathish V']
Naandi Foundation,null,null,"['Priya N', 'Anasuya Chakraborty', 'Solaiappan Laxman']"
NameStatus,null,null,['Hannan M.']
Nanosafe Solutions,null,null,['Anasuya Roy']
Natzest,null,null,['Gaurav Singh']
NAV,null,null,['Mike Aleo']
Nav Technologies,null,null,['Michelle Davis']
Navtech,null,null,['Swarna Esther']
Navvyasa Consulting,null,null,"['Gunjita Sharma', 'Prachi K']"
Nayan India Science And Technologies,null,null,"['Anubhav Rohatgi', 'Anuj Middha', 'Anand Kummari']"
NCGAMENFT,null,null,['Abdullah Saif']
Neander,null,null,['Kush Mishra']
Nector,null,null,['Hannu Eronen']
NeevHQ,null,null,['Neev HQ']
Neomaxer Fintech,null,null,['Abhimanyu Sadh']
Neosys.ai,null,null,['Shivanshu Purohit']
Netscribes,null,null,"['Ashwin Kumar Lihala', 'Aman Sinha', 'Debdatta Ganguly']"
NeuralGarage,null,null,['Shashank Kumar']
Neuralix.ai,null,null,"['Sarita Singh', 'Vikram Jayaram', 'Tushar Srivastava']"
neurodiscovery.ai,null,null,"['Garima Bajoria', 'Srinidhi Moodalagiri']"
NewSpace Research and Technologies,null,null,['Sameer Joshi']
Nexera,null,null,"['Sebastian Galimberti Romano', 'Steve Abreu']"
Nexperia Technologies,null,null,['Nexperia Technologies Pvt Ltd.']
NextVant,null,null,['Arpit Mishra']
Nextway Studio,null,null,['Atanu Majumdar']
NFlow Technologies,null,null,"['Bhumi Panchal', 'Nflow Technologies', 'Nevil Bhatt']"
Nimesa,null,null,['Tapesh Goyal']
Ninthnode,null,null,['Paras Botadra']
NIRA,null,null,"['robinah amuge', 'Chima Onyekwere OON']"
Nirmitee.io,null,null,['Yogesh Daga']
Nirnai Tech,null,null,['Ramakrishna Nishtala']
Niti AI,null,null,['Hari Subramanian']
Niyogin AI,null,null,['Niyogin Hiring']
Noagency,null,null,['AMIT KUMAR JHA']
Noesis.tech,null,null,['Siddharth Bhansali']
Noha.ai,null,null,['Arun Panayappan']
Nojoto,null,null,"['Kamal Singh Chauhan', 'Mukesh Poonia', 'Himanshu Upadhyay', 'Satyaprem Upadhyay']"
Nomsans Creative Services,null,null,['Kunal Bhendé']
Nonceblox,null,null,['Vinshu Gupta']
Nosh Robotics,null,null,['Prateek Singh']
Not Funny,null,null,['DIVYANSH PUROHIT']
Novalyze.ai,null,null,['Samin Kumra']
Novapulse Technologies,null,null,['Vivek Gupta']
Novo,null,null,['Alexis Roumeliotis']
NOW Venture Studio,null,null,['Pradeep V']
Numour,null,null,['Vaishali Jain']
nunify,null,null,['Nunify Webinar']
NurtureLabs,null,null,"['Yash Agarwal', 'Shiva Mangal']"
NymbleUp Solutions,null,null,['nikhil pramod khadse']
NYUC Technologies,null,null,"['sonali chauhan', 'Shreya Arora', 'Kailash Choudhary']"
OakNorth,null,null,['Joel Perlman']
Oasis TechnoSoft,null,null,['Arun Kumar']
Oblu Helathcare,null,null,['Sarthak S']
Odo,null,null,['Rahil Maniyar']
Of10,null,null,['Umang Sood']
OfferFit,null,null,"['Victor Kostyuk', 'George Khachatryan']"
Ohh My Brand,null,null,['Bhavik Sarkhedi']
Omnirio,null,null,['Joshua Co']
Onehouse,null,null,['Chester Leung']
OneStack,null,null,['Gavin Appel']
Oneture Technologies,null,null,['Mahesh Pathak']
OnGrid,null,null,"['Vineet Bansal', 'Piyush Peshwani']"
ONI,null,null,"['Valerio Pereno', 'Bhavik Thakkar', 'Alexander Ahl']"
OpenFabric,null,null,['Srikanth Karanam']
Opland Technologies,null,null,['Chandra Mohan Rowthu']
Opposite,null,null,"['Suman Paul', 'Mina Malic']"
Optiver,null,null,['null']
OptyMatch,null,null,['Rajat Vashishta']
Oraczen India,null,null,"['Rasmi Shaik', 'Mohammed Ashraf', 'Pavan Ponnam']"
Orange Health,null,null,"['Dhruv Gupta', 'Tarun Bhambra']"
Orbo.ai,null,null,"['Md Danish Jamil', 'Abhit Sinha', 'Manoj Shinde']"
Orgzit,null,null,['Nitin Verma']
oriel financial solution,null,null,['Tanisha Sharma']
Oriserve,null,null,"['Tanuj Srivastava', 'Rishabh Tyagi']"
Otterz,null,null,['Otterz - Founder']
Overtly,null,null,"['Tom Jowitt', 'Sair Buckle']"
Owl Craft,null,null,['Dharmendra Patel']
ownpath,null,null,['Shreyas Satish']
Pace Stock Broking Services India,null,null,['Sarvam Goel']
Paperclip.design,null,null,['James S.H. Lee']
ParallelDots,null,null,"['Muktabh Mayank', 'Ankit Narayan Singh', 'Angam Parashar']"
Parspec,null,null,"['Abhijit Mitra', 'Abhishek Sharma', 'Kate Pavelescu']"
Pascal AI Labs,null,null,['Mithun Madhusudan']
Passprt,null,null,['Ujjwal Garg']
pathsetter.ai,null,null,['Esha Gadhi']
Patronus,null,null,"['Pranav Sanghvi', 'Ken Dolin']"
Paygo.fit,null,null,['Abhilash D']
Payppy Technologies,null,null,['Satyen Aghor']
Pazy,null,null,"['Pratik Chhajed', 'Devyanshu Shukla']"
Permutive,null,null,"['Tim Spratt', 'Joe Root']"
Persius,null,null,['Bibin Mathew']
Petavue,null,null,['Jeyaraj Vellaisamy']
Petmojo,null,null,['Ishaan Khare']
Pickcel,null,null,"['Basudev Saha', 'Rajesh Bhattacharjee']"
Picktime,null,null,"['Sumanth Varma', 'Picktime HR', 'Hiring Manager']"
Pilabz,null,null,['Vivek Sarda']
Pilot Tech,null,null,['Yi Liu']
pinco,null,null,"['Hina Aggarwal', 'Deeksha Prajapati', 'Archana Mohan']"
Pippin Title,null,null,"['Bassel Said', 'Bharat Das']"
Pixel Tech,null,null,['Kashvi Verma']
Pixpivot Tech Solutions,null,null,['Nidhi Thakur']
Pixuate,null,null,"['Akshata Kari', 'Ravindra Dastikop', 'Prathvi Palekar']"
PlaceAd,null,null,['Abhishek Kumar']
PLACTA,null,null,['Srikanth Nimmagadda']
Plane,null,null,"['Thomas Jacobsen', 'Tim Allison']"
Planet Rescue 101,null,null,"['Kshitij Tiwari, Ph.D.']"
PlanetSpark,null,null,['SURYA PILLAI']
Planyourworld Training Academy,null,null,['Pawan Arya']
Playace.co,null,null,['Shrinivas Shinde']
PlayShifu,null,null,"['Dinesh Advani', 'Vivek Goyal']"
Plutonic Services,null,null,"['Abhishek Raj Samari', 'Shashank Singh', 'Vikram Singh Sisodiya']"
PodPitch,null,null,['Neal Shulman']
Pointo,null,null,"['David Dovrat', 'Or Adar', 'Ori Hayuth']"
pokonut,null,null,['Raj Sharma']
Pollen Tech,null,null,"['Dipta Wibowo', 'Clara Jeaniver']"
Potpie AI,null,null,"['Aditi Kothari', 'Dhiren Mathur']"
practo,null,null,"['Abhinav Lal', 'Shashank ND']"
Prakriti Herbals,null,null,['Anusha Adappa']
Preemptly,null,null,['Shajudeen Meerasha']
PreneurStore,null,null,['Supratik Kundu']
Prepfully,null,null,['Udit Batra']
PrintStop India,null,null,"['prabhu jeevakan', 'Swapneel Pawar']"
Printzo,null,null,['Vikrant Yadav']
PrivaSapien,null,null,['Sravanthi Alamuri']
ProductSquads,null,null,['Paresh J']
Progno AI,null,null,['Samriddhi Sinha']
PromptCloud,null,null,['Prashant Kumar']
Propelld,null,null,"['Bibhu Prasad Das', 'Brijesh Samantaray', 'Victor Senapaty']"
Propheus,null,null,['Jói Sigurdsson']
ProRecruite,null,null,['Anjali Devnani']
prospello global,null,null,"['Ananth S', 'sahal pattarkadavan', 'Prospello']"
Pulse Energy,null,null,"['Alessio Prescenzo', 'Vanya Petkova', 'Chris Stone']"
PulseFit,null,null,['Mayukh Samadder']
Purr,null,null,['Purr HQ']
Pythagoras AI,null,null,"['Alexandra Stieglitz', 'Ajay Naik']"
Pythian,null,null,"['Scott Parker', 'Jared Burns', 'Vitalii Sigov']"
Qapital,null,null,"['Yinghan Lin', 'Erik S', 'Pinkal Shah']"
Qest,null,null,"['Lenin Quintero - PMP, CSM']"
QNu Labs,null,null,"['Sid Gupta', 'Prithvi Kini']"
Qonfido,null,null,['Vasant V']
Quadeye,null,null,"['Kanika Gehlot', 'Gayatri Vohra', 'Surbhi Hazarnis']"
QuantCite,null,null,['Aditya Kumar']
Quanteon Solution,null,null,['Swaroopa Simhadri']
QuantInsti Quantitative Learning,null,null,['Nitesh Khandelwal']
Quash,null,null,['Arturo Carreño']
Qubag,null,null,"['Rohit Penmethsa', 'Suraj Raparla']"
Quichub Innovations,null,null,['Shalini Singh']
Quickads,null,null,"['Prachi Singh', 'Aunnesha Dey', 'Sneh Nath']"
QUIPU,null,null,"['Albert Bellonch', 'Roger Dobaño']"
Quixta,null,null,['Anand Ashok']
Qurb,null,null,"['Keshav Malani', 'Shruti Malani Krishnan']"
QwkSearch,null,null,['Alex Gul']
R3,null,null,"['Julianne Wurm Ed.D.', 'Glen Morgan MCICM(Grad)', 'Reggie Ba-Pe III']"
Raapid,null,null,"['Sakshi Kalya', 'Harsha K', 'R Balaji Rao']"
Rabble Labs,null,null,"['Nitin Vinayachandran', 'Ramaa Mohan']"
RadarRadar,null,null,"['Ramya Vuradi', 'Princy Sohal']"
radiantly,null,null,['Aditya T']
Raffow,null,null,['Subhamoy Mondal']
RaftLabs,null,null,"['Rakshita Jadhav', 'Jeel Sanghavi', 'Devika R']"
Rainbowl,null,null,['Sushma Babu']
Rank Math,null,null,['Suraj Vibhute']
Ranx Index,null,null,"[""Rochelle D'Almeida""]"
RapydLaunch,null,null,"['Aman Sharma', 'Utkarsh Pandey']"
Razonica,null,null,['Neerav Harsh']
Reactive,null,null,"['manoj ahluwalia', 'Paul Mieczkowski', 'Sam Elliott']"
RealEstate Talk,null,null,['Dilip Apte']
Reccopilot,null,null,['Eliza mat']
Recipe Cup,null,null,"['Bhairav Manawat', 'Gayathri Mahalingam']"
Recruiterflow,null,null,"['Manan Shah', 'Amritanshu Anand']"
Red Horizon Global,null,null,['Pushkar Kulumkar']
Redparrot Technology,null,null,['Albin Joseph']
Reeltor,null,null,"['salvin rai', 'Madhurima Khanduja', 'Shipra Chaubey']"
RehabifyMe,null,null,['Sai K V L N']
Rendered Ideas Softgame Private,null,null,"['Nisha T.', 'Deepali choudhary', ""Bosco D'mello""]"
Replicant Systems,null,null,['Nihal Sura']
Research Decode,null,null,['S KARIM']
ResourcePlan,null,null,"['Ashutosh Jha', 'Shreya Kasliwal']"
Rever Digital,null,null,['Labanya Ghosh']
ReviewDale,null,null,"['Gurudeep Rahul', 'Utkarsh Vishwakarma', 'Faiz Jawed']"
RevQ,null,null,['Steve Ard']
Revspot,null,null,['Darshan Subash']
RevSure.AI,null,null,['Kovoor Prajwal']
Rex Cyber Solutions,null,null,['suraja behura']
Ripik.ai,null,null,['Vaibhav Agarwal']
Risa Labs,null,null,"['Tim Falzone', 'Moon Lee']"
Risk Resources,null,null,['Vikrant Varshney']
RiverPace,null,null,['Mubarak Ali']
RKRM,null,null,"['Rohit Kumar', 'Ashna Todi']"
Rockmetric,null,null,['Nimesh Mehta']
Rooba.Finance,null,null,['Srinivas Lingamuthu']
Root Node India,null,null,['Shyam Sundar']
rootVX,null,null,"['Neha Gandhi', 'Darla Huang']"
RoyalSpike Ventures,null,null,['Saurav Sen']
Rsk IT Soultions,null,null,['shreya verma']
Rubrik,null,null,"['Wahab Owolabi', 'Paul Echeverri', 'Adam Goldberg']"
Ruvimo,null,null,['Kartik M']
Rymo Technology,null,null,"['Rymo Technologies Pvt Ltd', 'Chirag Shah']"
RYVR Immersive,null,null,['Jigesh Shah']
Saeloun,null,null,['Vipul Amler']
Sagclay,null,null,['Priyadharsani Singaravel']
Sakesh Solutions,null,null,['Rohit Anabheri']
Saleshandy,null,null,['Dhruv Patel']
Sanaank,null,null,['Shivank Mishra']
SaralTech,null,null,"['Rashi Soni', 'Shivam Bhardwaj', 'Ankush Kumar']"
SaveBreach,null,null,['Save Breach']
SaveIN Money,null,null,"['Chain Singh', 'Sagar Chauhan', 'Jitin Bhasin']"
Savormetrics,null,null,"['Max Ginsburg', 'AbdulRahman Khodr', 'Jason Boulet']"
Scaletrix,null,null,['Vaishali Bhadula']
SchbangQ,null,null,['Deepak Choubey']
ScopeX Fintech,null,null,['Milan Agrawal']
ScrapGenie,null,null,"['Supritha Gowrish', 'Sakshi Kabra']"
Scribie,null,null,['Rajiv Poddar']
Scrow,null,null,['Amit Kumar']
Secure Machines,null,null,['Shreenivas Hegde']
Securly,null,null,['Maurice McClain']
Securr,null,null,['Suhrad Makwana']
Seedify,null,null,"['Tineil Govender', 'Mariano Malisani', 'Ahmed Zayed']"
Segritech,null,null,['Hetendra Singh Rathore']
Seldom Labs,null,null,['Ishan Varshney']
SellersCommerce,null,null,['Ashok Reddy']
Selling My House Atlanta,null,null,['Samarth Siddaraj']
SenecaGlobal,null,null,"['Hareesh Ponnam', 'Shaik waseem', 'manasa ponaganti']"
SensorX Solutions,null,null,['Sanket Bhatia']
senzcraft technologies,null,null,['HR Senzcraft']
ServCrust,null,null,['Swathi Reddy Munge']
SettleMint India,null,null,"['Pallavi Joshi', 'Pallavi Joshi', 'Naman Bhardwaj']"
Settlrs,null,null,['Nishanth Janadri']
SFHL Innovations,null,null,['Ashish Sharma']
Sharpsell.ai,null,null,"['Ramesh Bhat', 'Apoorva Chauhan', 'Saravana Kumar']"
Shifu Ventures,null,null,['Kevin Roby']
Shipdehop,null,null,['Vinod Ashok Chinnannavar']
Shiprocket,null,null,['Shiprocket Shipping Company']
Shopcardd,null,null,['ShopCardd Dicount Ka JuGaad']
ShopClips,null,null,['Hrishikesh Dahiya']
Shoshin Tech,null,null,['Shanmukha C']
Shout Networking,null,null,['Karan Malik']
Shrus Eternity,null,null,['Bhuvana Srinivasan']
Siart Design Systems,null,null,['Shrishti Kushwaha']
SignalsHQ,null,null,"['Mohit Kumar', 'gaurav pansari']"
SignDesk,null,null,['Bharat V']
Silstone Health,null,null,['Amol Dutal']
simulus Automation,null,null,['Harini kashyap']
Skellam AI,null,null,['Anoop Mohan']
SkilD Education,null,null,['Aditya Vandhye']
SkillsCV,null,null,['Raj Desai']
SkillTurk Automation,null,null,['Nandini Jain']
Skoob.ai,null,null,['V Nichita']
S Kumar Transports,null,null,['S K Puneeth Kumar']
SkyahStudio,null,null,['Naya Ponnamma']
SkyFunnel AI,null,null,['Aman Gupta']
Skynet Technologies,null,null,"['Mohit Nirmal', 'Sabir Khatib', 'Paras Dalsaniya']"
Skyshine Technologies,null,null,['Akash S']
Slarity,null,null,"['Arun Srinivasan', 'Anish Kumar Srinivasan']"
sliksync Technologies,null,null,['Akshay Gulati']
Slooze,null,null,"['Mohit G', 'Slooze Careers']"
SmallBigGrowth,null,null,['Priyesh Thakkar']
Smart Audit,null,null,['Anshul jain']
SmartBulls,null,null,['Smart Bulls']
SmartCoin Financials,null,null,"['Jayant Upadhyay', 'Amit Chandel']"
Smarten Spaces,null,null,"['Sree Nithish', 'kanika jerath', 'Dinesh Bodipati']"
Smarter Dharma,null,null,['Sriram Kuchimanchi']
Smart Mate,null,null,"['Priyanka Kannan', 'Marisa Dmello']"
SmartRent,null,null,"['Austin VanderVelde', 'Brent Szymkowski', 'Jeremiah Anderson']"
Smashed Agency,null,null,['Sanskar Saxena']
SMERGERS,null,null,"['Krishna Bharadwaj', 'Vishal Devanath']"
SM Trade Co,null,null,['Pranav Gaikwad']
SocialPilot,null,null,"['Jimit Bagadiya', 'Tejas Mehta']"
softEXedge,null,null,['Sidhartha Parasramka']
Solarisbank,null,null,"['Tomasz Jaśkiewicz', 'SUDHANSHU SINGH']"
Solulever,null,null,"['jatin dumka', 'Priyanshi Garg']"
SonicLinker,null,null,['Sonic Linker']
Soroco,null,null,['John Jinto DSouza']
Soulera,null,null,['Nihil Parmar']
Soulpage IT Solutions,null,null,"['Lekhaj reddy', 'Radha Y', 'Vikas Saini']"
SourceSmart,null,null,"['Raimond Murakas', 'Nisar Ahmed']"
SpaceBoat,null,null,['Samarth Agarwal']
SpaceRelays,null,null,['Manasvi Bhatt']
Spaces,null,null,['Hans Larsen']
Sparky AI,null,null,['Saurabh Arora']
Sparsh Magic,null,null,['Jitendra Uttwani']
Spearmint.online,null,null,"['Tanushka Tyagi', 'Ashish Raj', 'Ashish Raj']"
Spenza,null,null,"['Richard Neville', 'Vinaychandra Bharadwaj']"
Spice Advisors,null,null,['Keshav Bansal']
Spiralyze,null,null,"['Gajan Retnasaba', 'Ali Nasser']"
Spiritual Data,null,null,['Joshua Mathias']
Splingle Edutech,null,null,['Keerthanashree J M']
Sponsorlytix,null,null,['Omar Al Raisi']
SpotBuzz,null,null,['Anurag Das']
SquareYards,null,null,"['Vasundhara Prasad Gopaliya', 'Shivam Chopra', 'Siddharth Agrawal']"
SR Next,null,null,['Mahima R']
StablPay,null,null,['Aditi Halder']
StackBOX,null,null,['Rebecca Stephens']
StackPro,null,null,['Sidharth Chhawchharia']
Stakehub.uk,null,null,['Hershey Hershey']
Staple,null,null,['Deepanshu Malviya']
Starfolio,null,null,['Peter Bowden Jr']
Starkenn Technologies,null,null,"['Tarun Kumar', 'Shubh Pareek', 'Ayush Gour']"
Start Coloring,null,null,['HRD StartColoring']
stealth mode startup,null,null,"['Almog Baku', 'Yu Dong', 'Tushar Makhija', 'Sheng Zhong', 'Justin Lin', 'Abhimanu Kumar']"
Stealth Mode Startup,null,null,"['Almog Baku', 'Yu Dong', 'Tushar Makhija', 'Sheng Zhong', 'Justin Lin', 'Abhimanu Kumar']"
Steps AI,null,null,['Suhas J']
Stimuler,null,null,"['MOHIT PANWAR', 'Jogender Saini']"
Storable,null,null,"['Gopi Krishna', 'Syed Yaqub Ali', 'Rani Kamuni']"
StoreHippo,null,null,['Rajiv Kumar']
StoryTech,null,null,['Manikanth Challa']
Strivik Business Solutions,null,null,"['Sudheer Nishad', 'supriya kamble', 'Jessica Joseph']"
Studio137 Digital Media Solutions,null,null,['Stephen Diederichs']
Stylabs Technologies,null,null,"['Himanshu Sarda', 'Ajay Prabhu']"
Sukoon Unlimited,null,null,['Vibha Singal']
Sumaaroh,null,null,['Aditya Garg']
Sunday Mattresses,null,null,['Alphonse Reddy']
Supercharged,null,null,['Harry Massey']
Superfuel AI,null,null,['Upasana Kayal']
SuperKalam,null,null,['Aseem Gupta']
Superlevel technologies,null,null,['Danush Kumar']
super.money,null,null,['Ekambeer Singh']
Superplum,null,null,['RAJESH KUMAR SHARMA']
SuperProcure,null,null,"['AAKRITI RAI', 'Jyothsna Samanth', 'Simran Saini']"
Superset,null,null,"['Peter Coles', 'Taylor Pemberton']"
Super Space AI,null,null,['Dhanendrakumar Ramachandran']
Superteams.ai,null,null,['Neha Singh']
Suraasa,null,null,"['Ayur Kasliwal', 'mihir bagchi']"
Sustenergy Solutions,null,null,['Ashish Pratap Singh']
Suventure,null,null,"['Diksha Choudhary', 'Swati S']"
Swabhav Techlabs Talent Solution Partner,null,null,['Swabhav Techlabs']
Swageazy,null,null,['Sameer Wahie']
Swaragh Technologies,null,null,['Raghavendra Jayaramaiah']
Swara Tech,null,null,['Diyora Viral']
Swastya.ai,null,null,['Apoorv Katiyar']
Swish,null,null,"['Brad Stronger', 'Iolanthe Chronis']"
Swym,null,null,['Arvind Krishnan']
Synlex Technologies,null,null,['Yatharth Garg']
Syyclops,null,null,"['SME HR', 'Thangamma AP']"
Tadaang,null,null,['Shyam Surendran']
Tagbox,null,null,"['Saumitra Singh', 'Adarsh Kumar', 'Sameer Singh']"
Tailored AI,null,null,['Devavrat Mahajan']
Take-Two Interactive Software,null,null,"['Shane Smith', 'Ting Gao', 'Ross Cybul']"
Tandemloop,null,null,['SUSHEEL KUMAR P']
taqtics,null,null,"['Vivek Azad', 'Taqtics Admin', 'Lionel Melrick Rodrigues']"
Tara Capital Partners India,null,null,['Adil Sandalwala']
Techamber,null,null,['Safi abdullah']
Tech In A Tux,null,null,['Tadhg Gunnigle']
Techniqa Solutions,null,null,['Aakash Patwa']
Technophilic,null,null,['Rahul Dubey']
TechnoXander,null,null,['Biswojit Mohapatra']
TechStaunch,null,null,['Riddhi Parekh']
TechUp Labs,null,null,['Chirag Lathiya']
Tether,null,null,"['Patrick Hankinson', 'Stephen Hankinson', 'Tim Burke']"
Thalia Technologies,null,null,"['Sanket Sonawane', 'Pawan More']"
ThankUPet,null,null,['Liya Lee']
That Sassy Thing,null,null,['Sachee Malhotra']
theafterschool.club,null,null,['Aashu Manchali']
The Alter Office,null,null,"['Roshin Daivik', 'Surendiran S', 'Mugesh M']"
The Data Taskers,null,null,['The Data Taskers HR']
The Design Lime,null,null,['Srivatsa Mudumby']
The Editor Suite,null,null,['Vaidehi Tholia']
The Fast Way,null,null,"['Geeta Sudesh Dhotre', 'Priya Kumari', 'Divya Mohnani']"
The Foreign Language Institute,null,null,['Krupal Nathvani']
TheGreenCommerce.in,null,null,['Naisar shah']
The Mad Dresser,null,null,['Tanvi Gupta']
The Motion Story,null,null,['Tejas Shah']
The Mystic Lotus and Dragonflies,null,null,['Amrish Arjun']
The Planet Health Tv,null,null,['Yogesh on behalf of Anurag KULSHRESTHA']
Thera,null,null,"['Sabarish S', 'Lillian Chou']"
The Real Estate Connect,null,null,['SUJATA MUDAKAVI']
The S.Bhandari Group,null,null,['Deepika J']
TheSocials,null,null,['John Mark']
The Soluna Experience,null,null,"[""Ruth D'Roza""]"
The SportsRush,null,null,['Samarth Karan']
The Supreme Brand,null,null,['The Supreme Brand']
The unity wave,null,null,['Varshika kashyap']
Thinkify Labs,null,null,['karthik k']
Thinking Stack,null,null,"['Karthik CR', 'Vikas Gupta']"
ThoughtsWin Systems,null,null,"['Ayush Singhal', 'Kanika Kaliwal']"
Thumbmunkeys Technologies,null,null,['Ankit Mathur']
tickete,null,null,['Chetan Mahajan']
Tiger Analytics,null,null,"['Suresh Kumar', 'Abhishek Modi', 'Gopal Kalpande']"
TIKAJ,null,null,"['Anamika Srivastava', 'Ashutosh Aswani', 'Ushma Singh']"
Timbuktu,null,null,"['Gareth Jones', 'Cordula Pfluegl', 'Archie Leeming']"
timepay.ai,null,null,['Vedant Valia']
TinyPal,null,null,['Harshavardhana Reddy Donthireddy']
TIST Media,null,null,"['Hazel Cardoza', 'Adhyan Makwana', 'Tarun Nathani']"
Tonbo Imaging Pvt.Ltd,null,null,"['Ankit Kumar', 'Sudeep George', 'Arvind Lakshmikumar']"
ToppersNotes,null,null,['Ayush Agarwal']
Torero Softwares,null,null,"['Rahul Bhalerao', 'Simran Jain']"
TorkeHub,null,null,['Naman Malhotra']
Touch Technologies,null,null,['Dave Montellato']
TPEG International,null,null,"['Zulfequar Ali Khan', 'Chhaya Yadav']"
Trackier,null,null,"['Udit Verma', 'Faizan Ayubi']"
Trackzio,null,null,['Aayushya Aggarwal']
TractUs,null,null,"['Leslie Black', 'Leslie Black', 'Tractus Online']"
Training Vision,null,null,['Indira Ramesh']
Translingoworld,null,null,['Nuzra Khan']
TraviYo,null,null,"['Chirag Singh Rajput', 'Eakagrah Srivastava', 'Shivani Nigam']"
travokarma,null,null,['Ojas Tyagi']
Triangle Software Solutions,null,null,['Jesna Vincent']
Trikon,null,null,"['Trikon Business Solution', 'Rishabh Singh']"
Trimpixel,null,null,"['Nikhil Pandey', 'Alok Singh Mahor', 'Prakhar Saxena']"
Troopr.ai,null,null,['Raj Shanmugam']
Truco,null,null,['Shuaib Yusoof']
Truflect,null,null,['Aman Kumar']
Truworth Health Technologies,null,null,['Niyati Abani']
tryCoM AI,null,null,['Annamalai Kathir (AK)']
Tryndbuy,null,null,['Prashant Choudhary']
Tutcart,null,null,"['Sneha Verma', 'Shivani Malik', 'Aayush Bisht']"
Twenty20Systems,null,null,"['Prernna Barla', 'Chashma Chinnamma']"
TWF Flours,null,null,['Ann Vincent']
uFaber,null,null,"['anirudh swarnkar', 'Rohit Jain']"
ulai,null,null,['Santosh Patil']
Ultrahuman,null,null,"['vatsal singhal', 'Mohit Kumar', 'Adhit Shet']"
Underscore Software,null,null,['Shubhada Fuge']
UniAcco,null,null,"['Aditya Chakraborti', 'Aditya Chakraborti', 'Rajesh Bhattarai']"
UnicMinds,null,null,['Alpha Sahoo']
UniSouk,null,null,['Siddhant Sarkar']
Unity,null,null,['Ante Matijaca']
Unwired Labs,null,null,['Gopi Aravind']
upGrad,null,null,['Valérie Djoumessi']
UrbanDart,null,null,['Nithin Baalay']
UrbanMatch,null,null,['Aryavrat Goenka']
UsefulBI,null,null,"['shobha stalin', 'Amit Gupta', 'Rini Jain']"
Uservox,null,null,"['Shraddha Srivastava', 'Saurabh Mathur']"
Usil Technologies,null,null,['Punam Lade']
Vaave,null,null,['Paresh Masade']
Vaia Climate,null,null,['Tejas Vyas']
Valiance Solutions,null,null,"['Shailendra Singh', 'Vikas Kamra (We are hiring for #datascience &amp; #machinelearning profiles)']"
Valour Capital,null,null,['Kunal Sawant']
ValuEnable,null,null,['Mithil Sejpal']
VANTA Nutrition,null,null,['Adrian Mayr']
Vapronix Web,null,null,"['Shobhit Pandey', 'Ashutosh Kumar']"
Vayavya Labs,null,null,['RK Patil']
VdoCipher,null,null,"['Vibhav Sinha', 'Siddhant Jain']"
VectorHive,null,null,['Gav Chandra']
Vectra AI,null,null,"['Andrew Leader', 'Maxwell Teranen']"
Vegavid Technology,null,null,['Mohit Sirohi']
Velocity,null,null,"['Jovana Blagojevic', 'Marine Dumontier', 'Rachel Pautler']"
Velotio Technologies,null,null,"['Chirag Jog', 'Kalpak Shah']"
Ven Analytics,null,null,['Rincy Jain']
Vendever,null,null,['Nirmit Srivastava']
Vendorship,null,null,['Shiv N']
VenueMonk,null,null,"['Ritwik Sahoo', 'Aditya Goyal', 'Rahul Rupani']"
Verbals,null,null,['Yashu Mittal']
Vested Technology,null,null,"['Dave Patterson', 'David Brook']"
Vibe Gurukul,null,null,['Kushagra Chauhan']
VibeZ,null,null,['Austin S. Allen']
VideoDB,null,null,['Anup Gosavi']
Videoit,null,null,['Dax Percey Abraham']
Vijayi WFH Technologies,null,null,['Rohit Nagpal']
Vikalp India,null,null,['Pramod Kumar']
Vinci,null,null,"['Pavel Tkachenko', 'Adrien Cathala', 'Tia Kenza']"
Viral Bug Digital Marketing,null,null,['Viral Bug']
ViralMe,null,null,['Anurag Jhaver']
ViralNews360,null,null,['Karan Mishra']
Vision Unlimited,null,null,['Anas Iqbal']
Visit Health,null,null,['Ashish Khoshya']
Vissva Fintech,null,null,['Sharad Ingule']
Vistras Technologies,null,null,['Peeyush Tekriwal']
VitaWerks,null,null,['Aditya Mangal']
Vizmo,null,null,"['Rahul Vaswani', 'Hari Prasad']"
Vocaldesk,null,null,['Abhishek Mishra']
VoicePlug,null,null,"['Mark Allen', 'Shweta Ruparel', 'Randy Chin', 'Jay Ruparel']"
VoiceQube,null,null,['SATYA TEJA']
Voizworks,null,null,"['Mamta Sharma', 'Sajitha Sulfikar', 'Sajitha Hussain']"
Vrid,null,null,['Vrid Admin']
Vserve Ebusiness Solutions,null,null,"['Murthy R', 'Lionel Paul J', 'Pavithran R']"
vyasticreation,null,null,['Vishal verma']
VYB,null,null,['Adit Gupta']
VyomOS Pvt.Ltd,null,null,"['Kritika Pathak', 'Shitiz Bansal', 'Amardeep Saini']"
WarpDrive Tech Works,null,null,['Maulik Doshi']
WD Immigration Consultant,null,null,['WD Immigration Consultants']
WealthKernel,null,null,['Karan Shanmugarajah']
Web3Firewall,null,null,"['Kay Recruiter', 'Ruby A', 'Saif W3F']"
WebBookingPro,null,null,['Francisco Bautista']
WeDigIT,null,null,"['keshav saini', 'Bhushan Panchal', 'Proshanto Gupta']"
WedMeGood,null,null,['Anand Shahani']
Wednesday Solutions,null,null,"['Mohammed Ali Chherawalla', 'Ali Hafizji']"
Weskill,null,null,['Francisco Cal']
Whale Navigator,null,null,['Emmanuel Darshan']
WhatBytes,null,null,"['Oluwadamilare Oloruntoba', 'Aditya Agrawal', 'Harsh Prajapati']"
WhatsDesk,null,null,['Satya W']
Whichi,null,null,['Mohammad Aqueeb']
WHITE Natural Wellness,null,null,['Ritu Garg']
White Path,null,null,['Rishabh TM']
Wingify,null,null,"['Sparsh Gupta', 'Paras Chopra']"
WisdomCircle,null,null,['Aman Dalmia']
Wishlink,null,null,"['Janvi Mahajan', 'Srishti Ramani']"
Wizdomapp,null,null,"['Rajkishor Mishra', 'Rajkishor Mishra', 'Wizdom app']"
Wokelo.ai,null,null,"['Saswat Nanda', 'Siddhant Masson']"
WooChat,null,null,['Samkitkumar Jain']
Woodoo,null,null,['Buy Clear Skin Face Wash - Woodoo']
Worck,null,null,"['vishal sharma', 'Jillan Khan']"
work4flow.com,null,null,"['Sanjay K Gupta', 'Sanjay Gupta']"
WRITER INFORMATION MANAGEMENT SERVICES,null,null,"['Shama Khan', 'Rudra Ghosh']"
WritoHub,null,null,['love sogarwal']
Wunderman Thompson,null,null,"['Kostas Karanikolas', 'Aurora guijarro', 'Lu Tapuch']"
www.tanishakatara.com,null,null,['Tanisha Katara']
Wylo,null,null,['Omnath Premnath']
Wysa,null,null,['Vinod Subramanian']
Xebia,null,null,"['Arjit Yadav', 'Vijay S', 'Xebia']"
Xigma Productions,null,null,['Pavan M']
Xtract.io,null,null,['Pratima Rajesh']
Yappes,null,null,"['Madhusudhan Jain (MJ)', 'Bhanu Kumar Jain', 'Rajagopal Somasundaram']"
Yapsody India,null,null,['Darren Seiden']
yMedia,null,null,['Ignaoio Esteire']
YOLoud,null,null,"['Saswoti Das', 'Disha Goyal']"
Yugen,null,null,"['Palak Agrawal', 'Himanshu Rawat']"
Yulu Bikes,null,null,['Amit Gupta']
Zeeyft,null,null,"['Ocal Selcuk', 'Kenan Geyyas', 'Lana Pilishvili']"
Zell Education,null,null,['Pratham Barot']
Zelthy,null,null,['Kaustubh Chandrabhan']
Zemora Softwares,null,null,['Vaibhav Poddar']
Zenvoya,null,null,['Swapnil Agarwal']
Zeproc,null,null,['Digvijay Rajan Mahajan']
Zero65 Technologies,null,null,['shivam Verma']
Zethic,null,null,"['Sidharth Raveendran', 'Ram Nethaji']"
zime.ai,null,null,['Sanchit Garg']
Zingmind Technologies,null,null,"['Yash chouhan', 'Sandeep Shakya', 'Reema Gupta']"
Zino technologies,null,null,['null']
Zintellix,null,null,['Prabhhav Sharma']
Zintlr,null,null,['Zintlr Private Limited']
Zluri,null,null,"['Ritish Reddy', 'Chaithanya Y', 'Ritish Reddy']"
Zobaze,null,null,['Karthik Sutrave']
ZopSmart,null,null,"['Mukesh Singh', 'Sanket Mehta', 'Vikash Kumar']"
Zylu,null,null,['Kumaravel Subramani']
Zyra,null,null,['Jeff Cook']
